-- phpMyAdmin SQL Dump
-- version 5.2.1
-- https://www.phpmyadmin.net/
--
-- Host: 127.0.0.1
-- Generation Time: Dec 18, 2024 at 06:08 PM
-- Server version: 10.4.32-MariaDB
-- PHP Version: 8.2.12

SET SQL_MODE = "NO_AUTO_VALUE_ON_ZERO";
START TRANSACTION;
SET time_zone = "+00:00";


/*!40101 SET @OLD_CHARACTER_SET_CLIENT=@@CHARACTER_SET_CLIENT */;
/*!40101 SET @OLD_CHARACTER_SET_RESULTS=@@CHARACTER_SET_RESULTS */;
/*!40101 SET @OLD_COLLATION_CONNECTION=@@COLLATION_CONNECTION */;
/*!40101 SET NAMES utf8mb4 */;

--
-- Database: `amanjshop`
--

-- --------------------------------------------------------

--
-- Table structure for table `addresses`
--

CREATE TABLE `addresses` (
  `id` bigint(20) UNSIGNED NOT NULL,
  `user_id` bigint(20) UNSIGNED NOT NULL,
  `city_id` bigint(20) UNSIGNED NOT NULL,
  `province_id` bigint(20) UNSIGNED DEFAULT NULL,
  `postal_code` varchar(255) NOT NULL,
  `address` text NOT NULL,
  `no` varchar(255) NOT NULL,
  `unit` varchar(255) NOT NULL,
  `recipient_first_name` varchar(255) DEFAULT NULL,
  `recipient_last_name` varchar(255) DEFAULT NULL,
  `mobile` varchar(255) DEFAULT NULL,
  `status` tinyint(4) NOT NULL DEFAULT 0,
  `created_at` timestamp NULL DEFAULT NULL,
  `updated_at` timestamp NULL DEFAULT NULL,
  `deleted_at` timestamp NULL DEFAULT NULL
) ENGINE=InnoDB DEFAULT CHARSET=utf8mb4 COLLATE=utf8mb4_unicode_ci;

-- --------------------------------------------------------

--
-- Table structure for table `amazing_sales`
--

CREATE TABLE `amazing_sales` (
  `id` bigint(20) UNSIGNED NOT NULL,
  `product_id` bigint(20) UNSIGNED NOT NULL,
  `percentage` int(11) NOT NULL,
  `status` tinyint(4) NOT NULL DEFAULT 0,
  `start_date` timestamp NOT NULL DEFAULT current_timestamp(),
  `end_date` timestamp NOT NULL DEFAULT current_timestamp(),
  `created_at` timestamp NULL DEFAULT NULL,
  `updated_at` timestamp NULL DEFAULT NULL,
  `deleted_at` timestamp NULL DEFAULT NULL
) ENGINE=InnoDB DEFAULT CHARSET=utf8mb4 COLLATE=utf8mb4_unicode_ci;

--
-- Dumping data for table `amazing_sales`
--

INSERT INTO `amazing_sales` (`id`, `product_id`, `percentage`, `status`, `start_date`, `end_date`, `created_at`, `updated_at`, `deleted_at`) VALUES
(1, 2, 10, 1, '2024-11-24 15:55:39', '2024-12-20 15:55:39', '2024-11-24 15:55:54', '2024-11-24 15:55:54', NULL),
(2, 3, 20, 1, '2024-11-24 15:55:59', '2024-12-14 15:55:59', '2024-11-24 15:56:09', '2024-11-24 15:56:09', NULL);

-- --------------------------------------------------------

--
-- Table structure for table `banners`
--

CREATE TABLE `banners` (
  `id` bigint(20) UNSIGNED NOT NULL,
  `title` varchar(255) NOT NULL,
  `image` text NOT NULL,
  `url` varchar(255) NOT NULL,
  `position` tinyint(4) NOT NULL DEFAULT 0 COMMENT 'developer explain 0 or 1 or ... in admin\\content\\banner model ',
  `status` tinyint(4) NOT NULL DEFAULT 0,
  `created_at` timestamp NULL DEFAULT NULL,
  `updated_at` timestamp NULL DEFAULT NULL,
  `deleted_at` timestamp NULL DEFAULT NULL
) ENGINE=InnoDB DEFAULT CHARSET=utf8mb4 COLLATE=utf8mb4_unicode_ci;

-- --------------------------------------------------------

--
-- Table structure for table `brands`
--

CREATE TABLE `brands` (
  `id` bigint(20) UNSIGNED NOT NULL,
  `persian_name` varchar(255) NOT NULL,
  `original_name` varchar(255) NOT NULL,
  `slug` varchar(255) DEFAULT NULL,
  `logo` text NOT NULL,
  `status` tinyint(4) NOT NULL DEFAULT 0,
  `tags` text NOT NULL,
  `created_at` timestamp NULL DEFAULT NULL,
  `updated_at` timestamp NULL DEFAULT NULL,
  `deleted_at` timestamp NULL DEFAULT NULL
) ENGINE=InnoDB DEFAULT CHARSET=utf8mb4 COLLATE=utf8mb4_unicode_ci;

--
-- Dumping data for table `brands`
--

INSERT INTO `brands` (`id`, `persian_name`, `original_name`, `slug`, `logo`, `status`, `tags`, `created_at`, `updated_at`, `deleted_at`) VALUES
(1, 'کاپیتان بلک', 'Captain black', 'Captain-black', '{\"indexArray\":{\"large\":\"images\\\\brand\\\\2024\\\\11\\\\24\\\\1732447241\\\\1732447241_large.jpg\",\"medium\":\"images\\\\brand\\\\2024\\\\11\\\\24\\\\1732447241\\\\1732447241_medium.jpg\",\"small\":\"images\\\\brand\\\\2024\\\\11\\\\24\\\\1732447241\\\\1732447241_small.jpg\"},\"directory\":\"images\\\\brand\\\\2024\\\\11\\\\24\\\\1732447241\",\"currentImage\":\"medium\"}', 1, 'captain black,کاپیتان بلک', '2024-11-24 11:20:42', '2024-11-24 11:20:42', NULL),
(2, 'پرستیژ', 'prestige', 'prestige', '{\"indexArray\":{\"large\":\"images\\\\brand\\\\2024\\\\11\\\\24\\\\1732447380\\\\1732447380_large.png\",\"medium\":\"images\\\\brand\\\\2024\\\\11\\\\24\\\\1732447380\\\\1732447380_medium.png\",\"small\":\"images\\\\brand\\\\2024\\\\11\\\\24\\\\1732447380\\\\1732447380_small.png\"},\"directory\":\"images\\\\brand\\\\2024\\\\11\\\\24\\\\1732447380\",\"currentImage\":\"medium\"}', 1, 'پرستیژ,prestige', '2024-11-24 11:23:00', '2024-11-24 11:23:00', NULL);

-- --------------------------------------------------------

--
-- Table structure for table `cart_items`
--

CREATE TABLE `cart_items` (
  `id` bigint(20) UNSIGNED NOT NULL,
  `user_id` bigint(20) UNSIGNED NOT NULL,
  `product_id` bigint(20) UNSIGNED NOT NULL,
  `color_id` bigint(20) UNSIGNED DEFAULT NULL,
  `guarantee_id` bigint(20) UNSIGNED DEFAULT NULL,
  `number` int(11) NOT NULL DEFAULT 1,
  `created_at` timestamp NULL DEFAULT NULL,
  `updated_at` timestamp NULL DEFAULT NULL,
  `deleted_at` timestamp NULL DEFAULT NULL
) ENGINE=InnoDB DEFAULT CHARSET=utf8mb4 COLLATE=utf8mb4_unicode_ci;

--
-- Dumping data for table `cart_items`
--

INSERT INTO `cart_items` (`id`, `user_id`, `product_id`, `color_id`, `guarantee_id`, `number`, `created_at`, `updated_at`, `deleted_at`) VALUES
(27, 1, 3, NULL, 4, 3, '2024-12-14 17:12:40', '2024-12-16 13:12:21', '2024-12-16 13:12:21'),
(28, 1, 2, NULL, 2, 5, '2024-12-16 12:26:39', '2024-12-16 13:12:24', '2024-12-16 13:12:24'),
(29, 1, 2, NULL, 1, 1, '2024-12-16 13:13:00', '2024-12-16 13:56:44', '2024-12-16 13:56:44'),
(30, 1, 3, NULL, 3, 2, '2024-12-16 13:13:24', '2024-12-16 14:04:58', '2024-12-16 14:04:58'),
(31, 1, 2, NULL, 1, 3, '2024-12-16 13:56:16', '2024-12-18 15:53:43', '2024-12-18 15:53:43'),
(32, 1, 3, NULL, NULL, 4, '2024-12-16 14:03:13', '2024-12-16 14:04:53', '2024-12-16 14:04:53'),
(33, 1, 2, NULL, NULL, 3, '2024-12-18 15:54:00', '2024-12-18 15:54:25', '2024-12-18 15:54:25'),
(34, 1, 3, NULL, NULL, 4, '2024-12-18 15:54:34', '2024-12-18 15:55:11', '2024-12-18 15:55:11'),
(35, 1, 3, NULL, 3, 1, '2024-12-18 15:55:18', '2024-12-18 16:14:37', '2024-12-18 16:14:37'),
(36, 1, 2, NULL, 1, 1, '2024-12-18 15:55:27', '2024-12-18 16:12:57', '2024-12-18 16:12:57'),
(37, 1, 2, NULL, NULL, 2, '2024-12-18 16:12:46', '2024-12-18 16:14:41', '2024-12-18 16:14:41'),
(38, 1, 2, NULL, 2, 2, '2024-12-18 16:14:48', '2024-12-18 16:51:36', '2024-12-18 16:51:36'),
(39, 1, 3, NULL, 3, 1, '2024-12-18 16:15:02', '2024-12-18 16:51:39', '2024-12-18 16:51:39'),
(40, 1, 2, NULL, 1, 2, '2024-12-18 16:51:54', '2024-12-18 17:05:27', NULL),
(41, 1, 3, NULL, 3, 1, '2024-12-18 16:52:14', '2024-12-18 17:05:27', NULL);

-- --------------------------------------------------------

--
-- Table structure for table `cart_item_selected_attributes`
--

CREATE TABLE `cart_item_selected_attributes` (
  `id` bigint(20) UNSIGNED NOT NULL,
  `cart_item_id` bigint(20) UNSIGNED NOT NULL,
  `category_attribute_id` bigint(20) UNSIGNED NOT NULL,
  `category_value_id` bigint(20) UNSIGNED NOT NULL,
  `value` varchar(255) DEFAULT NULL,
  `created_at` timestamp NULL DEFAULT NULL,
  `updated_at` timestamp NULL DEFAULT NULL,
  `deleted_at` timestamp NULL DEFAULT NULL
) ENGINE=InnoDB DEFAULT CHARSET=utf8mb4 COLLATE=utf8mb4_unicode_ci;

-- --------------------------------------------------------

--
-- Table structure for table `cash_payments`
--

CREATE TABLE `cash_payments` (
  `id` bigint(20) UNSIGNED NOT NULL,
  `amount` decimal(20,3) NOT NULL,
  `user_id` bigint(20) UNSIGNED NOT NULL,
  `cash_receiver` varchar(255) DEFAULT NULL,
  `pay_date` timestamp NOT NULL DEFAULT current_timestamp() ON UPDATE current_timestamp(),
  `status` tinyint(4) NOT NULL DEFAULT 0,
  `created_at` timestamp NULL DEFAULT NULL,
  `updated_at` timestamp NULL DEFAULT NULL,
  `deleted_at` timestamp NULL DEFAULT NULL
) ENGINE=InnoDB DEFAULT CHARSET=utf8mb4 COLLATE=utf8mb4_unicode_ci;

-- --------------------------------------------------------

--
-- Table structure for table `category_attributes`
--

CREATE TABLE `category_attributes` (
  `id` bigint(20) UNSIGNED NOT NULL,
  `name` varchar(255) NOT NULL,
  `type` tinyint(4) NOT NULL DEFAULT 0,
  `unit` varchar(255) NOT NULL,
  `category_id` bigint(20) UNSIGNED NOT NULL,
  `created_at` timestamp NULL DEFAULT NULL,
  `updated_at` timestamp NULL DEFAULT NULL,
  `deleted_at` timestamp NULL DEFAULT NULL
) ENGINE=InnoDB DEFAULT CHARSET=utf8mb4 COLLATE=utf8mb4_unicode_ci;

-- --------------------------------------------------------

--
-- Table structure for table `category_attribute_default_values`
--

CREATE TABLE `category_attribute_default_values` (
  `id` bigint(20) UNSIGNED NOT NULL,
  `value` varchar(255) NOT NULL,
  `category_attribute_id` bigint(20) UNSIGNED NOT NULL,
  `created_at` timestamp NULL DEFAULT NULL,
  `updated_at` timestamp NULL DEFAULT NULL,
  `deleted_at` timestamp NULL DEFAULT NULL
) ENGINE=InnoDB DEFAULT CHARSET=utf8mb4 COLLATE=utf8mb4_unicode_ci;

-- --------------------------------------------------------

--
-- Table structure for table `category_values`
--

CREATE TABLE `category_values` (
  `id` bigint(20) UNSIGNED NOT NULL,
  `product_id` bigint(20) UNSIGNED NOT NULL,
  `category_attribute_id` bigint(20) UNSIGNED NOT NULL,
  `value` text NOT NULL,
  `type` tinyint(4) NOT NULL DEFAULT 0 COMMENT 'value type is 0 => simple, 1 => multi values select by customers (affected on price)',
  `created_at` timestamp NULL DEFAULT NULL,
  `updated_at` timestamp NULL DEFAULT NULL,
  `deleted_at` timestamp NULL DEFAULT NULL
) ENGINE=InnoDB DEFAULT CHARSET=utf8mb4 COLLATE=utf8mb4_unicode_ci;

-- --------------------------------------------------------

--
-- Table structure for table `cities`
--

CREATE TABLE `cities` (
  `id` bigint(20) UNSIGNED NOT NULL,
  `name` varchar(255) NOT NULL,
  `province_id` bigint(20) UNSIGNED NOT NULL,
  `created_at` timestamp NULL DEFAULT NULL,
  `updated_at` timestamp NULL DEFAULT NULL,
  `deleted_at` timestamp NULL DEFAULT NULL
) ENGINE=InnoDB DEFAULT CHARSET=utf8mb4 COLLATE=utf8mb4_unicode_ci;

-- --------------------------------------------------------

--
-- Table structure for table `comments`
--

CREATE TABLE `comments` (
  `id` bigint(20) UNSIGNED NOT NULL,
  `body` text NOT NULL,
  `parent_id` bigint(20) UNSIGNED DEFAULT NULL,
  `author_id` bigint(20) UNSIGNED NOT NULL,
  `commentable_id` bigint(20) UNSIGNED NOT NULL,
  `commentable_type` varchar(255) NOT NULL,
  `seen` tinyint(4) NOT NULL DEFAULT 0 COMMENT '0 => unseen, 1 => seen',
  `approved` tinyint(4) NOT NULL DEFAULT 0 COMMENT '0 => not approved, 1 => approved',
  `status` tinyint(4) NOT NULL DEFAULT 0,
  `created_at` timestamp NULL DEFAULT NULL,
  `updated_at` timestamp NULL DEFAULT NULL,
  `deleted_at` timestamp NULL DEFAULT NULL
) ENGINE=InnoDB DEFAULT CHARSET=utf8mb4 COLLATE=utf8mb4_unicode_ci;

-- --------------------------------------------------------

--
-- Table structure for table `common_discount`
--

CREATE TABLE `common_discount` (
  `id` bigint(20) UNSIGNED NOT NULL,
  `title` varchar(255) NOT NULL,
  `percentage` int(11) NOT NULL,
  `discount_ceiling` bigint(20) UNSIGNED DEFAULT NULL,
  `minimal_order_amount` bigint(20) UNSIGNED DEFAULT NULL,
  `status` tinyint(4) NOT NULL DEFAULT 0,
  `start_date` timestamp NOT NULL DEFAULT current_timestamp(),
  `end_date` timestamp NOT NULL DEFAULT current_timestamp(),
  `created_at` timestamp NULL DEFAULT NULL,
  `updated_at` timestamp NULL DEFAULT NULL,
  `deleted_at` timestamp NULL DEFAULT NULL
) ENGINE=InnoDB DEFAULT CHARSET=utf8mb4 COLLATE=utf8mb4_unicode_ci;

-- --------------------------------------------------------

--
-- Table structure for table `copans`
--

CREATE TABLE `copans` (
  `id` bigint(20) UNSIGNED NOT NULL,
  `code` varchar(255) NOT NULL,
  `amount` varchar(255) NOT NULL,
  `amount_type` tinyint(4) NOT NULL DEFAULT 0 COMMENT '0 => percentage, 1 => price unit',
  `discount_ceiling` bigint(20) UNSIGNED DEFAULT NULL,
  `type` tinyint(4) NOT NULL DEFAULT 0 COMMENT '0 => common (each user can use one time), 1 => private (one user can use one time)',
  `status` tinyint(4) NOT NULL DEFAULT 0,
  `start_date` timestamp NOT NULL DEFAULT current_timestamp(),
  `end_date` timestamp NOT NULL DEFAULT current_timestamp(),
  `user_id` bigint(20) UNSIGNED DEFAULT NULL,
  `created_at` timestamp NULL DEFAULT NULL,
  `updated_at` timestamp NULL DEFAULT NULL,
  `deleted_at` timestamp NULL DEFAULT NULL
) ENGINE=InnoDB DEFAULT CHARSET=utf8mb4 COLLATE=utf8mb4_unicode_ci;

-- --------------------------------------------------------

--
-- Table structure for table `delivery`
--

CREATE TABLE `delivery` (
  `id` bigint(20) UNSIGNED NOT NULL,
  `name` varchar(255) NOT NULL,
  `amount` decimal(20,3) DEFAULT NULL,
  `delivery_time` int(11) DEFAULT NULL,
  `delivery_time_unit` varchar(255) DEFAULT NULL,
  `status` tinyint(4) NOT NULL DEFAULT 0,
  `created_at` timestamp NULL DEFAULT NULL,
  `updated_at` timestamp NULL DEFAULT NULL,
  `deleted_at` timestamp NULL DEFAULT NULL
) ENGINE=InnoDB DEFAULT CHARSET=utf8mb4 COLLATE=utf8mb4_unicode_ci;

--
-- Dumping data for table `delivery`
--

INSERT INTO `delivery` (`id`, `name`, `amount`, `delivery_time`, `delivery_time_unit`, `status`, `created_at`, `updated_at`, `deleted_at`) VALUES
(1, 'پیک موتوری اختصاصی', 800000.000, 5, 'ساعت', 1, NULL, NULL, NULL),
(2, 'پیک عمومی شاهان', 500000.000, 3, 'روز کاری', 1, NULL, NULL, NULL);

-- --------------------------------------------------------

--
-- Table structure for table `failed_jobs`
--

CREATE TABLE `failed_jobs` (
  `id` bigint(20) UNSIGNED NOT NULL,
  `uuid` varchar(255) NOT NULL,
  `connection` text NOT NULL,
  `queue` text NOT NULL,
  `payload` longtext NOT NULL,
  `exception` longtext NOT NULL,
  `failed_at` timestamp NOT NULL DEFAULT current_timestamp()
) ENGINE=InnoDB DEFAULT CHARSET=utf8mb4 COLLATE=utf8mb4_unicode_ci;

-- --------------------------------------------------------

--
-- Table structure for table `faqs`
--

CREATE TABLE `faqs` (
  `id` bigint(20) UNSIGNED NOT NULL,
  `question` text NOT NULL,
  `answer` text NOT NULL,
  `slug` varchar(255) DEFAULT NULL,
  `status` tinyint(4) NOT NULL DEFAULT 0,
  `tags` varchar(255) NOT NULL,
  `created_at` timestamp NULL DEFAULT NULL,
  `updated_at` timestamp NULL DEFAULT NULL,
  `deleted_at` timestamp NULL DEFAULT NULL
) ENGINE=InnoDB DEFAULT CHARSET=utf8mb4 COLLATE=utf8mb4_unicode_ci;

-- --------------------------------------------------------

--
-- Table structure for table `guarantees`
--

CREATE TABLE `guarantees` (
  `id` bigint(20) UNSIGNED NOT NULL,
  `name` varchar(255) NOT NULL,
  `product_id` bigint(20) UNSIGNED NOT NULL,
  `price_increase` decimal(20,3) NOT NULL DEFAULT 0.000,
  `status` tinyint(4) NOT NULL DEFAULT 0,
  `created_at` timestamp NULL DEFAULT NULL,
  `updated_at` timestamp NULL DEFAULT NULL,
  `deleted_at` timestamp NULL DEFAULT NULL
) ENGINE=InnoDB DEFAULT CHARSET=utf8mb4 COLLATE=utf8mb4_unicode_ci;

--
-- Dumping data for table `guarantees`
--

INSERT INTO `guarantees` (`id`, `name`, `product_id`, `price_increase`, `status`, `created_at`, `updated_at`, `deleted_at`) VALUES
(1, 'پارس', 2, 20000.000, 1, '2024-12-07 15:50:33', '2024-12-07 15:50:33', NULL),
(2, 'پدیده', 2, 30000.000, 1, '2024-12-07 15:50:50', '2024-12-07 15:50:50', NULL),
(3, 'لاکی', 3, 500000.000, 1, '2024-12-15 15:53:14', '2024-12-15 15:53:14', NULL),
(4, 'جانسو', 3, 600000.000, 1, '2024-12-15 15:53:27', '2024-12-15 15:53:27', NULL);

-- --------------------------------------------------------

--
-- Table structure for table `menus`
--

CREATE TABLE `menus` (
  `id` bigint(20) UNSIGNED NOT NULL,
  `name` varchar(255) NOT NULL,
  `url` varchar(255) NOT NULL,
  `status` tinyint(4) NOT NULL DEFAULT 0,
  `parent_id` bigint(20) UNSIGNED DEFAULT NULL,
  `created_at` timestamp NULL DEFAULT NULL,
  `updated_at` timestamp NULL DEFAULT NULL,
  `deleted_at` timestamp NULL DEFAULT NULL
) ENGINE=InnoDB DEFAULT CHARSET=utf8mb4 COLLATE=utf8mb4_unicode_ci;

-- --------------------------------------------------------

--
-- Table structure for table `migrations`
--

CREATE TABLE `migrations` (
  `id` int(10) UNSIGNED NOT NULL,
  `migration` varchar(255) NOT NULL,
  `batch` int(11) NOT NULL
) ENGINE=InnoDB DEFAULT CHARSET=utf8mb4 COLLATE=utf8mb4_unicode_ci;

--
-- Dumping data for table `migrations`
--

INSERT INTO `migrations` (`id`, `migration`, `batch`) VALUES
(1, '2014_10_12_000000_create_users_table', 1),
(2, '2014_10_12_100000_create_password_resets_table', 1),
(3, '2014_10_12_200000_add_two_factor_columns_to_users_table', 1),
(4, '2019_08_19_000000_create_failed_jobs_table', 1),
(5, '2019_12_14_000001_create_personal_access_tokens_table', 1),
(6, '2021_08_01_075829_create_sessions_table', 1),
(7, '2021_08_02_141330_create_post_categories_table', 1),
(8, '2021_08_02_141937_create_posts_table', 1),
(9, '2021_08_04_132104_create_menus_table', 1),
(10, '2021_08_04_132444_create_faqs_table', 1),
(11, '2021_08_06_133729_create_pages_table', 1),
(12, '2021_08_06_134109_create_comments_table', 1),
(13, '2021_08_07_144900_create_ticket_categories_table', 1),
(14, '2021_08_07_144919_create_ticket_priorities_table', 1),
(15, '2021_08_07_144926_create_ticket_admins_table', 1),
(16, '2021_08_09_083455_create_tickets_table', 1),
(17, '2021_08_09_083503_create_ticket_files_table', 1),
(18, '2021_08_10_113912_create_roles_table', 1),
(19, '2021_08_10_113955_create_permissions_table', 1),
(20, '2021_08_11_115414_create_role_user_table', 1),
(21, '2021_08_11_115427_create_permission_role_table', 1),
(22, '2021_08_21_151131_create_product_categories_table', 1),
(23, '2021_08_21_151142_create_brands_table', 1),
(24, '2021_08_22_144038_create_category_attributes_table', 1),
(25, '2021_08_22_144419_create_category_attribute_default_values_table', 1),
(26, '2021_08_22_144422_create_products_table', 1),
(27, '2021_08_23_072607_create_product_images_table', 1),
(28, '2021_08_23_072756_create_guarantees_table', 1),
(29, '2021_08_23_072836_create_product_colors_table', 1),
(30, '2021_08_23_072920_create_category_values_table', 1),
(31, '2021_08_23_073005_create_product_meta_table', 1),
(32, '2021_08_24_150339_create_copans_table', 1),
(33, '2021_08_24_150350_create_amazing_sales_table', 1),
(34, '2021_08_24_150404_create_common_discount_table', 1),
(35, '2021_08_28_123746_create_provinces_table', 1),
(36, '2021_08_28_123756_create_cities_table', 1),
(37, '2021_08_28_123805_create_addresses_table', 1),
(38, '2021_08_28_123825_create_delivery_table', 1),
(39, '2021_08_29_142632_create_public_sms_table', 1),
(40, '2021_08_29_142639_create_public_mail_table', 1),
(41, '2021_08_29_142649_create_public_mail_files_table', 1),
(42, '2021_08_29_143158_create_product_user_table', 1),
(43, '2021_09_03_114522_create_offline_payments_table', 1),
(44, '2021_09_03_114531_create_online_payments_table', 1),
(45, '2021_09_03_114544_create_cash_payments_table', 1),
(46, '2021_09_03_114550_create_payments_table', 1),
(47, '2021_09_05_102055_create_cart_items_table', 1),
(48, '2021_09_05_102113_create_cart_item_selected_attributes_table', 1),
(49, '2021_09_06_125842_create_orders_table', 1),
(50, '2021_09_08_132452_create_order_items_table', 1),
(51, '2021_09_08_132505_create_order_item_selected_attributes_table', 1),
(52, '2021_12_15_220744_create_settings_table', 1),
(53, '2022_03_10_194506_create_notifications_table', 1),
(54, '2022_03_12_025919_create_banners_table', 1),
(55, '2022_04_02_111354_create_otps_table', 1),
(56, '2022_04_03_164539_add_mobile_verify_to_users_table', 1),
(57, '2022_05_10_151946_add_color_to_product_colors_table', 1),
(58, '2022_07_30_223820_add_province_id_to_addresses_table', 1);

-- --------------------------------------------------------

--
-- Table structure for table `notifications`
--

CREATE TABLE `notifications` (
  `id` char(36) NOT NULL,
  `type` varchar(255) NOT NULL,
  `notifiable_type` varchar(255) NOT NULL,
  `notifiable_id` bigint(20) UNSIGNED NOT NULL,
  `data` text NOT NULL,
  `read_at` timestamp NULL DEFAULT NULL,
  `created_at` timestamp NULL DEFAULT NULL,
  `updated_at` timestamp NULL DEFAULT NULL
) ENGINE=InnoDB DEFAULT CHARSET=utf8mb4 COLLATE=utf8mb4_unicode_ci;

-- --------------------------------------------------------

--
-- Table structure for table `offline_payments`
--

CREATE TABLE `offline_payments` (
  `id` bigint(20) UNSIGNED NOT NULL,
  `amount` decimal(20,3) NOT NULL,
  `user_id` bigint(20) UNSIGNED NOT NULL,
  `transaction_id` varchar(255) DEFAULT NULL,
  `pay_date` timestamp NOT NULL DEFAULT current_timestamp() ON UPDATE current_timestamp(),
  `status` tinyint(4) NOT NULL DEFAULT 0,
  `created_at` timestamp NULL DEFAULT NULL,
  `updated_at` timestamp NULL DEFAULT NULL,
  `deleted_at` timestamp NULL DEFAULT NULL
) ENGINE=InnoDB DEFAULT CHARSET=utf8mb4 COLLATE=utf8mb4_unicode_ci;

-- --------------------------------------------------------

--
-- Table structure for table `online_payments`
--

CREATE TABLE `online_payments` (
  `id` bigint(20) UNSIGNED NOT NULL,
  `amount` decimal(20,3) NOT NULL,
  `user_id` bigint(20) UNSIGNED NOT NULL,
  `gateway` varchar(255) DEFAULT NULL,
  `transaction_id` varchar(255) DEFAULT NULL,
  `bank_first_response` text DEFAULT NULL,
  `bank_second_response` text DEFAULT NULL,
  `status` tinyint(4) NOT NULL DEFAULT 0,
  `created_at` timestamp NULL DEFAULT NULL,
  `updated_at` timestamp NULL DEFAULT NULL,
  `deleted_at` timestamp NULL DEFAULT NULL
) ENGINE=InnoDB DEFAULT CHARSET=utf8mb4 COLLATE=utf8mb4_unicode_ci;

-- --------------------------------------------------------

--
-- Table structure for table `orders`
--

CREATE TABLE `orders` (
  `id` bigint(20) UNSIGNED NOT NULL,
  `user_id` bigint(20) UNSIGNED NOT NULL,
  `address_id` bigint(20) UNSIGNED DEFAULT NULL,
  `address_object` longtext DEFAULT NULL,
  `payment_id` bigint(20) UNSIGNED DEFAULT NULL,
  `payment_object` longtext DEFAULT NULL,
  `payment_type` tinyint(4) NOT NULL DEFAULT 0,
  `payment_status` tinyint(4) NOT NULL DEFAULT 0,
  `delivery_id` bigint(20) UNSIGNED DEFAULT NULL,
  `delivery_object` longtext DEFAULT NULL,
  `delivery_amount` decimal(20,3) DEFAULT NULL,
  `delivery_status` tinyint(4) NOT NULL DEFAULT 0,
  `delivery_date` timestamp NULL DEFAULT NULL,
  `order_final_amount` decimal(20,3) DEFAULT NULL,
  `order_discount_amount` decimal(20,3) DEFAULT NULL,
  `copan_id` bigint(20) UNSIGNED DEFAULT NULL,
  `copan_object` longtext DEFAULT NULL,
  `order_copan_discount_amount` decimal(20,3) DEFAULT NULL,
  `common_discount_id` bigint(20) UNSIGNED DEFAULT NULL,
  `common_discount_object` longtext DEFAULT NULL,
  `order_common_discount_amount` decimal(20,3) DEFAULT NULL,
  `order_total_products_amount` decimal(20,3) DEFAULT NULL,
  `order_total_products_discount_amount` decimal(20,3) DEFAULT NULL,
  `order_status` tinyint(4) NOT NULL DEFAULT 0,
  `created_at` timestamp NULL DEFAULT NULL,
  `updated_at` timestamp NULL DEFAULT NULL,
  `deleted_at` timestamp NULL DEFAULT NULL
) ENGINE=InnoDB DEFAULT CHARSET=utf8mb4 COLLATE=utf8mb4_unicode_ci;

-- --------------------------------------------------------

--
-- Table structure for table `order_items`
--

CREATE TABLE `order_items` (
  `id` bigint(20) UNSIGNED NOT NULL,
  `order_id` bigint(20) UNSIGNED NOT NULL,
  `product_id` bigint(20) UNSIGNED NOT NULL,
  `product` longtext NOT NULL,
  `amazing_sale_id` bigint(20) UNSIGNED DEFAULT NULL,
  `amazing_sale_object` longtext NOT NULL,
  `amazing_sale_discount_amount` decimal(20,3) DEFAULT NULL,
  `number` int(11) NOT NULL DEFAULT 1,
  `final_product_price` decimal(20,3) DEFAULT NULL,
  `final_total_price` decimal(20,3) DEFAULT NULL COMMENT 'number * final_product_price',
  `color_id` bigint(20) UNSIGNED DEFAULT NULL,
  `guarantee_id` bigint(20) UNSIGNED DEFAULT NULL,
  `created_at` timestamp NULL DEFAULT NULL,
  `updated_at` timestamp NULL DEFAULT NULL,
  `deleted_at` timestamp NULL DEFAULT NULL
) ENGINE=InnoDB DEFAULT CHARSET=utf8mb4 COLLATE=utf8mb4_unicode_ci;

-- --------------------------------------------------------

--
-- Table structure for table `order_item_selected_attributes`
--

CREATE TABLE `order_item_selected_attributes` (
  `id` bigint(20) UNSIGNED NOT NULL,
  `order_item_id` bigint(20) UNSIGNED NOT NULL,
  `category_attribute_id` bigint(20) UNSIGNED NOT NULL,
  `category_value_id` bigint(20) UNSIGNED NOT NULL,
  `value` varchar(255) DEFAULT NULL,
  `created_at` timestamp NULL DEFAULT NULL,
  `updated_at` timestamp NULL DEFAULT NULL,
  `deleted_at` timestamp NULL DEFAULT NULL
) ENGINE=InnoDB DEFAULT CHARSET=utf8mb4 COLLATE=utf8mb4_unicode_ci;

-- --------------------------------------------------------

--
-- Table structure for table `otps`
--

CREATE TABLE `otps` (
  `id` bigint(20) UNSIGNED NOT NULL,
  `token` varchar(255) NOT NULL,
  `user_id` bigint(20) UNSIGNED NOT NULL,
  `otp_code` varchar(255) NOT NULL,
  `login_id` varchar(255) NOT NULL COMMENT 'email address or mobile number',
  `type` tinyint(4) NOT NULL DEFAULT 0 COMMENT '0 => mobile number , 1 => email',
  `used` tinyint(4) NOT NULL DEFAULT 0 COMMENT '0 => not used , 1 => used',
  `status` tinyint(4) NOT NULL DEFAULT 0,
  `created_at` timestamp NULL DEFAULT NULL,
  `updated_at` timestamp NULL DEFAULT NULL
) ENGINE=InnoDB DEFAULT CHARSET=utf8mb4 COLLATE=utf8mb4_unicode_ci;

--
-- Dumping data for table `otps`
--

INSERT INTO `otps` (`id`, `token`, `user_id`, `otp_code`, `login_id`, `type`, `used`, `status`, `created_at`, `updated_at`) VALUES
(1, 'R64kfIhoswtoqG4ehApmmV3hHGfWSFajxhQWEHnMyxMG6XtIpGn1xrGJQUoa', 1, '974779', '9129230286', 0, 0, 0, '2024-11-17 13:47:53', '2024-11-17 13:47:53'),
(2, 'LXmAb9sg84jw2NQpAXdHbUrAkYIteLlWdQJe5YT7njmJAD2EXtUG7i7Y6xny', 1, '138597', '9129230286', 0, 0, 0, '2024-11-18 11:11:21', '2024-11-18 11:11:21');

-- --------------------------------------------------------

--
-- Table structure for table `pages`
--

CREATE TABLE `pages` (
  `id` bigint(20) UNSIGNED NOT NULL,
  `title` varchar(255) NOT NULL,
  `body` text NOT NULL,
  `slug` varchar(255) DEFAULT NULL,
  `status` tinyint(4) NOT NULL DEFAULT 0,
  `tags` varchar(255) NOT NULL,
  `created_at` timestamp NULL DEFAULT NULL,
  `updated_at` timestamp NULL DEFAULT NULL,
  `deleted_at` timestamp NULL DEFAULT NULL
) ENGINE=InnoDB DEFAULT CHARSET=utf8mb4 COLLATE=utf8mb4_unicode_ci;

-- --------------------------------------------------------

--
-- Table structure for table `password_resets`
--

CREATE TABLE `password_resets` (
  `email` varchar(255) NOT NULL,
  `token` varchar(255) NOT NULL,
  `created_at` timestamp NULL DEFAULT NULL
) ENGINE=InnoDB DEFAULT CHARSET=utf8mb4 COLLATE=utf8mb4_unicode_ci;

-- --------------------------------------------------------

--
-- Table structure for table `payments`
--

CREATE TABLE `payments` (
  `id` bigint(20) UNSIGNED NOT NULL,
  `amount` decimal(20,3) NOT NULL,
  `user_id` bigint(20) UNSIGNED NOT NULL,
  `status` tinyint(4) NOT NULL DEFAULT 0,
  `type` tinyint(4) NOT NULL DEFAULT 0 COMMENT '0 => online, 1 => offline, 2 => cash',
  `paymentable_id` bigint(20) UNSIGNED NOT NULL,
  `paymentable_type` varchar(255) NOT NULL,
  `created_at` timestamp NULL DEFAULT NULL,
  `updated_at` timestamp NULL DEFAULT NULL,
  `deleted_at` timestamp NULL DEFAULT NULL
) ENGINE=InnoDB DEFAULT CHARSET=utf8mb4 COLLATE=utf8mb4_unicode_ci;

-- --------------------------------------------------------

--
-- Table structure for table `permissions`
--

CREATE TABLE `permissions` (
  `id` bigint(20) UNSIGNED NOT NULL,
  `name` varchar(255) NOT NULL,
  `description` text NOT NULL,
  `status` tinyint(4) NOT NULL DEFAULT 0,
  `created_at` timestamp NULL DEFAULT NULL,
  `updated_at` timestamp NULL DEFAULT NULL,
  `deleted_at` timestamp NULL DEFAULT NULL
) ENGINE=InnoDB DEFAULT CHARSET=utf8mb4 COLLATE=utf8mb4_unicode_ci;

-- --------------------------------------------------------

--
-- Table structure for table `permission_role`
--

CREATE TABLE `permission_role` (
  `role_id` bigint(20) UNSIGNED NOT NULL,
  `permission_id` bigint(20) UNSIGNED NOT NULL,
  `created_at` timestamp NOT NULL DEFAULT current_timestamp()
) ENGINE=InnoDB DEFAULT CHARSET=utf8mb4 COLLATE=utf8mb4_unicode_ci;

-- --------------------------------------------------------

--
-- Table structure for table `personal_access_tokens`
--

CREATE TABLE `personal_access_tokens` (
  `id` bigint(20) UNSIGNED NOT NULL,
  `tokenable_type` varchar(255) NOT NULL,
  `tokenable_id` bigint(20) UNSIGNED NOT NULL,
  `name` varchar(255) NOT NULL,
  `token` varchar(64) NOT NULL,
  `abilities` text DEFAULT NULL,
  `last_used_at` timestamp NULL DEFAULT NULL,
  `created_at` timestamp NULL DEFAULT NULL,
  `updated_at` timestamp NULL DEFAULT NULL
) ENGINE=InnoDB DEFAULT CHARSET=utf8mb4 COLLATE=utf8mb4_unicode_ci;

-- --------------------------------------------------------

--
-- Table structure for table `posts`
--

CREATE TABLE `posts` (
  `id` bigint(20) UNSIGNED NOT NULL,
  `title` varchar(255) NOT NULL,
  `slug` varchar(255) DEFAULT NULL,
  `summary` text NOT NULL,
  `body` text NOT NULL,
  `image` text NOT NULL,
  `status` tinyint(4) NOT NULL DEFAULT 0,
  `commentable` tinyint(4) NOT NULL DEFAULT 0 COMMENT '0 => uncommentable, 1 => commentable',
  `tags` varchar(255) NOT NULL,
  `published_at` timestamp NOT NULL DEFAULT current_timestamp() ON UPDATE current_timestamp(),
  `author_id` bigint(20) UNSIGNED NOT NULL,
  `category_id` bigint(20) UNSIGNED NOT NULL,
  `created_at` timestamp NULL DEFAULT NULL,
  `updated_at` timestamp NULL DEFAULT NULL,
  `deleted_at` timestamp NULL DEFAULT NULL
) ENGINE=InnoDB DEFAULT CHARSET=utf8mb4 COLLATE=utf8mb4_unicode_ci;

-- --------------------------------------------------------

--
-- Table structure for table `post_categories`
--

CREATE TABLE `post_categories` (
  `id` bigint(20) UNSIGNED NOT NULL,
  `name` varchar(255) NOT NULL,
  `description` text NOT NULL,
  `slug` varchar(255) DEFAULT NULL,
  `image` text NOT NULL,
  `status` tinyint(4) NOT NULL DEFAULT 0,
  `tags` varchar(255) NOT NULL,
  `created_at` timestamp NULL DEFAULT NULL,
  `updated_at` timestamp NULL DEFAULT NULL,
  `deleted_at` timestamp NULL DEFAULT NULL
) ENGINE=InnoDB DEFAULT CHARSET=utf8mb4 COLLATE=utf8mb4_unicode_ci;

-- --------------------------------------------------------

--
-- Table structure for table `products`
--

CREATE TABLE `products` (
  `id` bigint(20) UNSIGNED NOT NULL,
  `name` varchar(255) NOT NULL,
  `introduction` text NOT NULL,
  `slug` varchar(255) DEFAULT NULL,
  `image` text NOT NULL,
  `weight` decimal(10,2) NOT NULL,
  `length` decimal(10,1) NOT NULL COMMENT 'cm unit',
  `width` decimal(10,1) NOT NULL COMMENT 'cm unit',
  `height` decimal(10,1) NOT NULL COMMENT 'cm unit',
  `price` decimal(20,3) NOT NULL,
  `status` tinyint(4) NOT NULL DEFAULT 0,
  `marketable` tinyint(4) NOT NULL DEFAULT 1 COMMENT '1 => marketable, 0 => is not marketable',
  `tags` varchar(255) NOT NULL,
  `sold_number` tinyint(4) NOT NULL DEFAULT 0,
  `frozen_number` tinyint(4) NOT NULL DEFAULT 0,
  `marketable_number` tinyint(4) NOT NULL DEFAULT 0,
  `brand_id` bigint(20) UNSIGNED NOT NULL,
  `category_id` bigint(20) UNSIGNED NOT NULL,
  `published_at` timestamp NOT NULL DEFAULT current_timestamp() ON UPDATE current_timestamp(),
  `created_at` timestamp NULL DEFAULT NULL,
  `updated_at` timestamp NULL DEFAULT NULL,
  `deleted_at` timestamp NULL DEFAULT NULL
) ENGINE=InnoDB DEFAULT CHARSET=utf8mb4 COLLATE=utf8mb4_unicode_ci;

--
-- Dumping data for table `products`
--

INSERT INTO `products` (`id`, `name`, `introduction`, `slug`, `image`, `weight`, `length`, `width`, `height`, `price`, `status`, `marketable`, `tags`, `sold_number`, `frozen_number`, `marketable_number`, `brand_id`, `category_id`, `published_at`, `created_at`, `updated_at`, `deleted_at`) VALUES
(2, 'اتکلن Captain black', '<p>اتکلن کاپیتان بلک مردانه با رایحه تند و سخت</p>', 'اتکلن-Captain-black', '{\"indexArray\":{\"large\":\"images\\\\product\\\\2024\\\\11\\\\24\\\\1732448146\\\\1732448146_large.jpg\",\"medium\":\"images\\\\product\\\\2024\\\\11\\\\24\\\\1732448146\\\\1732448146_medium.jpg\",\"small\":\"images\\\\product\\\\2024\\\\11\\\\24\\\\1732448146\\\\1732448146_small.jpg\"},\"directory\":\"images\\\\product\\\\2024\\\\11\\\\24\\\\1732448146\",\"currentImage\":\"medium\"}', 23.00, 41.0, 47.0, 51.0, 3000000.000, 1, 1, 'اتکلن,اتکلن کاپیتان بلک,perfume,captain black perfume', 1, 0, 0, 1, 1, '2024-11-27 14:42:29', '2024-11-24 11:35:46', '2024-11-24 19:12:37', NULL),
(3, 'اتکلن prestige', '<p>اتکلن پرستیژ زنانه</p>', 'اتکلن-prestige', '{\"indexArray\":{\"large\":\"images\\\\product\\\\2024\\\\11\\\\24\\\\1732448311\\\\1732448311_large.jpg\",\"medium\":\"images\\\\product\\\\2024\\\\11\\\\24\\\\1732448311\\\\1732448311_medium.jpg\",\"small\":\"images\\\\product\\\\2024\\\\11\\\\24\\\\1732448311\\\\1732448311_small.jpg\"},\"directory\":\"images\\\\product\\\\2024\\\\11\\\\24\\\\1732448311\",\"currentImage\":\"medium\"}', 2.00, 5.0, 2.0, 52.0, 9000000.000, 1, 1, 'پرستیژ,اتکلن پرستیژ,perfume,prestige perfume', 1, 0, 0, 2, 2, '2024-12-04 19:36:52', '2024-11-24 11:38:31', '2024-11-24 19:13:18', NULL);

-- --------------------------------------------------------

--
-- Table structure for table `product_categories`
--

CREATE TABLE `product_categories` (
  `id` bigint(20) UNSIGNED NOT NULL,
  `name` varchar(255) NOT NULL,
  `description` text NOT NULL,
  `slug` varchar(255) DEFAULT NULL,
  `image` text DEFAULT NULL,
  `status` tinyint(4) NOT NULL DEFAULT 0,
  `show_in_menu` tinyint(4) NOT NULL DEFAULT 0,
  `tags` text NOT NULL,
  `parent_id` bigint(20) UNSIGNED DEFAULT NULL,
  `created_at` timestamp NULL DEFAULT NULL,
  `updated_at` timestamp NULL DEFAULT NULL,
  `deleted_at` timestamp NULL DEFAULT NULL
) ENGINE=InnoDB DEFAULT CHARSET=utf8mb4 COLLATE=utf8mb4_unicode_ci;

--
-- Dumping data for table `product_categories`
--

INSERT INTO `product_categories` (`id`, `name`, `description`, `slug`, `image`, `status`, `show_in_menu`, `tags`, `parent_id`, `created_at`, `updated_at`, `deleted_at`) VALUES
(1, 'مردانه', '<p>اتکلن های مردانه</p>', 'مردانه', '{\"indexArray\":{\"large\":\"images\\\\product-category\\\\2024\\\\11\\\\24\\\\1732447558\\\\1732447558_large.jpg\",\"medium\":\"images\\\\product-category\\\\2024\\\\11\\\\24\\\\1732447558\\\\1732447558_medium.jpg\",\"small\":\"images\\\\product-category\\\\2024\\\\11\\\\24\\\\1732447558\\\\1732447558_small.jpg\"},\"directory\":\"images\\\\product-category\\\\2024\\\\11\\\\24\\\\1732447558\",\"currentImage\":\"medium\"}', 1, 1, 'مرد,مردانه,man', NULL, '2024-11-24 11:25:58', '2024-11-24 11:25:58', NULL),
(2, 'زنانه', '<p>اتکلن های زنانه</p>', 'زنانه', '{\"indexArray\":{\"large\":\"images\\\\product-category\\\\2024\\\\11\\\\24\\\\1732447633\\\\1732447633_large.jpg\",\"medium\":\"images\\\\product-category\\\\2024\\\\11\\\\24\\\\1732447633\\\\1732447633_medium.jpg\",\"small\":\"images\\\\product-category\\\\2024\\\\11\\\\24\\\\1732447633\\\\1732447633_small.jpg\"},\"directory\":\"images\\\\product-category\\\\2024\\\\11\\\\24\\\\1732447633\",\"currentImage\":\"medium\"}', 1, 1, 'زن,زنانه,women', NULL, '2024-11-24 11:27:13', '2024-11-24 11:27:13', NULL);

-- --------------------------------------------------------

--
-- Table structure for table `product_colors`
--

CREATE TABLE `product_colors` (
  `id` bigint(20) UNSIGNED NOT NULL,
  `color_name` varchar(255) NOT NULL,
  `color` varchar(255) DEFAULT NULL,
  `product_id` bigint(20) UNSIGNED NOT NULL,
  `price_increase` decimal(20,3) NOT NULL DEFAULT 0.000,
  `status` tinyint(4) NOT NULL DEFAULT 0,
  `sold_number` tinyint(4) NOT NULL DEFAULT 0,
  `frozen_number` tinyint(4) NOT NULL DEFAULT 0,
  `marketable_number` tinyint(4) NOT NULL DEFAULT 0,
  `created_at` timestamp NULL DEFAULT NULL,
  `updated_at` timestamp NULL DEFAULT NULL,
  `deleted_at` timestamp NULL DEFAULT NULL
) ENGINE=InnoDB DEFAULT CHARSET=utf8mb4 COLLATE=utf8mb4_unicode_ci;

-- --------------------------------------------------------

--
-- Table structure for table `product_images`
--

CREATE TABLE `product_images` (
  `id` bigint(20) UNSIGNED NOT NULL,
  `image` text NOT NULL,
  `product_id` bigint(20) UNSIGNED NOT NULL,
  `created_at` timestamp NULL DEFAULT NULL,
  `updated_at` timestamp NULL DEFAULT NULL,
  `deleted_at` timestamp NULL DEFAULT NULL
) ENGINE=InnoDB DEFAULT CHARSET=utf8mb4 COLLATE=utf8mb4_unicode_ci;

-- --------------------------------------------------------

--
-- Table structure for table `product_meta`
--

CREATE TABLE `product_meta` (
  `id` bigint(20) UNSIGNED NOT NULL,
  `meta_key` varchar(255) DEFAULT NULL,
  `meta_value` varchar(255) DEFAULT NULL,
  `product_id` bigint(20) UNSIGNED DEFAULT NULL,
  `created_at` timestamp NULL DEFAULT NULL,
  `updated_at` timestamp NULL DEFAULT NULL,
  `deleted_at` timestamp NULL DEFAULT NULL
) ENGINE=InnoDB DEFAULT CHARSET=utf8mb4 COLLATE=utf8mb4_unicode_ci;

--
-- Dumping data for table `product_meta`
--

INSERT INTO `product_meta` (`id`, `meta_key`, `meta_value`, `product_id`, `created_at`, `updated_at`, `deleted_at`) VALUES
(1, NULL, NULL, 2, '2024-11-24 11:35:46', '2024-11-24 19:12:37', NULL),
(2, NULL, NULL, 3, '2024-11-24 11:38:31', '2024-11-24 19:13:18', NULL);

-- --------------------------------------------------------

--
-- Table structure for table `product_user`
--

CREATE TABLE `product_user` (
  `product_id` bigint(20) UNSIGNED NOT NULL,
  `user_id` bigint(20) UNSIGNED NOT NULL
) ENGINE=InnoDB DEFAULT CHARSET=utf8mb4 COLLATE=utf8mb4_unicode_ci;

-- --------------------------------------------------------

--
-- Table structure for table `provinces`
--

CREATE TABLE `provinces` (
  `id` bigint(20) UNSIGNED NOT NULL,
  `name` varchar(255) NOT NULL,
  `created_at` timestamp NULL DEFAULT NULL,
  `updated_at` timestamp NULL DEFAULT NULL,
  `deleted_at` timestamp NULL DEFAULT NULL
) ENGINE=InnoDB DEFAULT CHARSET=utf8mb4 COLLATE=utf8mb4_unicode_ci;

-- --------------------------------------------------------

--
-- Table structure for table `public_mail`
--

CREATE TABLE `public_mail` (
  `id` bigint(20) UNSIGNED NOT NULL,
  `subject` varchar(255) NOT NULL,
  `body` text NOT NULL,
  `status` tinyint(4) NOT NULL DEFAULT 0,
  `published_at` timestamp NOT NULL DEFAULT current_timestamp() ON UPDATE current_timestamp(),
  `created_at` timestamp NULL DEFAULT NULL,
  `updated_at` timestamp NULL DEFAULT NULL,
  `deleted_at` timestamp NULL DEFAULT NULL
) ENGINE=InnoDB DEFAULT CHARSET=utf8mb4 COLLATE=utf8mb4_unicode_ci;

-- --------------------------------------------------------

--
-- Table structure for table `public_mail_files`
--

CREATE TABLE `public_mail_files` (
  `id` bigint(20) UNSIGNED NOT NULL,
  `public_mail_id` bigint(20) UNSIGNED NOT NULL,
  `file_path` text NOT NULL,
  `file_size` bigint(20) NOT NULL,
  `file_type` varchar(255) NOT NULL,
  `status` tinyint(4) NOT NULL DEFAULT 0,
  `created_at` timestamp NULL DEFAULT NULL,
  `updated_at` timestamp NULL DEFAULT NULL,
  `deleted_at` timestamp NULL DEFAULT NULL
) ENGINE=InnoDB DEFAULT CHARSET=utf8mb4 COLLATE=utf8mb4_unicode_ci;

-- --------------------------------------------------------

--
-- Table structure for table `public_sms`
--

CREATE TABLE `public_sms` (
  `id` bigint(20) UNSIGNED NOT NULL,
  `title` varchar(255) NOT NULL,
  `body` text NOT NULL,
  `status` tinyint(4) NOT NULL DEFAULT 0,
  `published_at` timestamp NOT NULL DEFAULT current_timestamp() ON UPDATE current_timestamp(),
  `created_at` timestamp NULL DEFAULT NULL,
  `updated_at` timestamp NULL DEFAULT NULL,
  `deleted_at` timestamp NULL DEFAULT NULL
) ENGINE=InnoDB DEFAULT CHARSET=utf8mb4 COLLATE=utf8mb4_unicode_ci;

-- --------------------------------------------------------

--
-- Table structure for table `roles`
--

CREATE TABLE `roles` (
  `id` bigint(20) UNSIGNED NOT NULL,
  `name` varchar(255) NOT NULL,
  `description` text NOT NULL,
  `status` tinyint(4) NOT NULL DEFAULT 0,
  `created_at` timestamp NULL DEFAULT NULL,
  `updated_at` timestamp NULL DEFAULT NULL,
  `deleted_at` timestamp NULL DEFAULT NULL
) ENGINE=InnoDB DEFAULT CHARSET=utf8mb4 COLLATE=utf8mb4_unicode_ci;

-- --------------------------------------------------------

--
-- Table structure for table `role_user`
--

CREATE TABLE `role_user` (
  `user_id` bigint(20) UNSIGNED NOT NULL,
  `role_id` bigint(20) UNSIGNED NOT NULL,
  `created_at` timestamp NOT NULL DEFAULT current_timestamp()
) ENGINE=InnoDB DEFAULT CHARSET=utf8mb4 COLLATE=utf8mb4_unicode_ci;

-- --------------------------------------------------------

--
-- Table structure for table `sessions`
--

CREATE TABLE `sessions` (
  `id` varchar(255) NOT NULL,
  `user_id` bigint(20) UNSIGNED DEFAULT NULL,
  `ip_address` varchar(45) DEFAULT NULL,
  `user_agent` text DEFAULT NULL,
  `payload` text NOT NULL,
  `last_activity` int(11) NOT NULL
) ENGINE=InnoDB DEFAULT CHARSET=utf8mb4 COLLATE=utf8mb4_unicode_ci;

--
-- Dumping data for table `sessions`
--

INSERT INTO `sessions` (`id`, `user_id`, `ip_address`, `user_agent`, `payload`, `last_activity`) VALUES
('M8QVOBLLfOuHYOwcgGWqWuWU6poeKqGyuRBJHjvY', 1, '127.0.0.1', 'Mozilla/5.0 (Windows NT 10.0; Win64; x64) AppleWebKit/537.36 (KHTML, like Gecko) Chrome/131.0.0.0 Safari/537.36', 'YTo1OntzOjUwOiJsb2dpbl93ZWJfNTliYTM2YWRkYzJiMmY5NDAxNTgwZjAxNGM3ZjU4ZWE0ZTMwOTg5ZCI7aToxO3M6NjoiX3Rva2VuIjtzOjQwOiJEb084OXlsR0NqNEtvNmlKQkNjUUtvTENHZ0NjampaVFRZZ0pVenNwIjtzOjE3OiJwYXNzd29yZF9oYXNoX3dlYiI7czo4OiI5ODM1NTE1NCI7czo5OiJfcHJldmlvdXMiO2E6MTp7czozOiJ1cmwiO3M6Mjk6Imh0dHA6Ly9sb2NhbGhvc3Q6ODAwMC9wYXltZW50Ijt9czo2OiJfZmxhc2giO2E6Mjp7czozOiJvbGQiO2E6MDp7fXM6MzoibmV3IjthOjA6e319fQ==', 1734541527);

-- --------------------------------------------------------

--
-- Table structure for table `settings`
--

CREATE TABLE `settings` (
  `id` bigint(20) UNSIGNED NOT NULL,
  `title` varchar(255) DEFAULT NULL,
  `description` text DEFAULT NULL,
  `keywords` text DEFAULT NULL,
  `logo` text DEFAULT NULL,
  `icon` text DEFAULT NULL,
  `created_at` timestamp NULL DEFAULT NULL,
  `updated_at` timestamp NULL DEFAULT NULL
) ENGINE=InnoDB DEFAULT CHARSET=utf8mb4 COLLATE=utf8mb4_unicode_ci;

-- --------------------------------------------------------

--
-- Table structure for table `tickets`
--

CREATE TABLE `tickets` (
  `id` bigint(20) UNSIGNED NOT NULL,
  `subject` varchar(255) DEFAULT NULL,
  `description` text NOT NULL,
  `status` tinyint(4) NOT NULL DEFAULT 0,
  `seen` tinyint(4) NOT NULL DEFAULT 0 COMMENT '0 => unseen, 1 => seen',
  `reference_id` bigint(20) UNSIGNED NOT NULL,
  `user_id` bigint(20) UNSIGNED NOT NULL,
  `category_id` bigint(20) UNSIGNED NOT NULL,
  `priority_id` bigint(20) UNSIGNED NOT NULL,
  `ticket_id` bigint(20) UNSIGNED DEFAULT NULL,
  `created_at` timestamp NULL DEFAULT NULL,
  `updated_at` timestamp NULL DEFAULT NULL,
  `deleted_at` timestamp NULL DEFAULT NULL
) ENGINE=InnoDB DEFAULT CHARSET=utf8mb4 COLLATE=utf8mb4_unicode_ci;

-- --------------------------------------------------------

--
-- Table structure for table `ticket_admins`
--

CREATE TABLE `ticket_admins` (
  `id` bigint(20) UNSIGNED NOT NULL,
  `user_id` bigint(20) UNSIGNED NOT NULL,
  `created_at` timestamp NULL DEFAULT NULL,
  `updated_at` timestamp NULL DEFAULT NULL,
  `deleted_at` timestamp NULL DEFAULT NULL
) ENGINE=InnoDB DEFAULT CHARSET=utf8mb4 COLLATE=utf8mb4_unicode_ci;

-- --------------------------------------------------------

--
-- Table structure for table `ticket_categories`
--

CREATE TABLE `ticket_categories` (
  `id` bigint(20) UNSIGNED NOT NULL,
  `name` varchar(255) NOT NULL,
  `status` tinyint(4) NOT NULL DEFAULT 0,
  `created_at` timestamp NULL DEFAULT NULL,
  `updated_at` timestamp NULL DEFAULT NULL,
  `deleted_at` timestamp NULL DEFAULT NULL
) ENGINE=InnoDB DEFAULT CHARSET=utf8mb4 COLLATE=utf8mb4_unicode_ci;

-- --------------------------------------------------------

--
-- Table structure for table `ticket_files`
--

CREATE TABLE `ticket_files` (
  `id` bigint(20) UNSIGNED NOT NULL,
  `file_path` text NOT NULL,
  `file_size` bigint(20) NOT NULL,
  `file_type` varchar(255) NOT NULL,
  `status` tinyint(4) NOT NULL DEFAULT 0,
  `ticket_id` bigint(20) UNSIGNED NOT NULL,
  `user_id` bigint(20) UNSIGNED NOT NULL,
  `created_at` timestamp NULL DEFAULT NULL,
  `updated_at` timestamp NULL DEFAULT NULL,
  `deleted_at` timestamp NULL DEFAULT NULL
) ENGINE=InnoDB DEFAULT CHARSET=utf8mb4 COLLATE=utf8mb4_unicode_ci;

-- --------------------------------------------------------

--
-- Table structure for table `ticket_priorities`
--

CREATE TABLE `ticket_priorities` (
  `id` bigint(20) UNSIGNED NOT NULL,
  `name` varchar(255) NOT NULL,
  `status` tinyint(4) NOT NULL DEFAULT 0,
  `created_at` timestamp NULL DEFAULT NULL,
  `updated_at` timestamp NULL DEFAULT NULL,
  `deleted_at` timestamp NULL DEFAULT NULL
) ENGINE=InnoDB DEFAULT CHARSET=utf8mb4 COLLATE=utf8mb4_unicode_ci;

-- --------------------------------------------------------

--
-- Table structure for table `users`
--

CREATE TABLE `users` (
  `id` bigint(20) UNSIGNED NOT NULL,
  `email` varchar(255) DEFAULT NULL,
  `mobile` varchar(255) DEFAULT NULL,
  `password` varchar(255) NOT NULL,
  `two_factor_secret` text DEFAULT NULL,
  `two_factor_recovery_codes` text DEFAULT NULL,
  `national_code` varchar(255) DEFAULT NULL,
  `first_name` varchar(255) DEFAULT NULL,
  `last_name` varchar(255) DEFAULT NULL,
  `slug` varchar(255) DEFAULT NULL,
  `profile_photo_path` text DEFAULT NULL COMMENT 'avatar',
  `email_verified_at` timestamp NULL DEFAULT NULL,
  `mobile_verified_at` timestamp NULL DEFAULT NULL,
  `activation` tinyint(4) NOT NULL DEFAULT 0 COMMENT '0 => inactive, 1 => active',
  `activation_date` timestamp NULL DEFAULT NULL,
  `user_type` tinyint(4) NOT NULL DEFAULT 0 COMMENT '0 => user, 1 => admin',
  `status` tinyint(4) NOT NULL DEFAULT 0,
  `current_team_id` bigint(20) UNSIGNED DEFAULT NULL,
  `remember_token` varchar(100) DEFAULT NULL,
  `created_at` timestamp NULL DEFAULT NULL,
  `updated_at` timestamp NULL DEFAULT NULL,
  `deleted_at` timestamp NULL DEFAULT NULL
) ENGINE=InnoDB DEFAULT CHARSET=utf8mb4 COLLATE=utf8mb4_unicode_ci;

--
-- Dumping data for table `users`
--

INSERT INTO `users` (`id`, `email`, `mobile`, `password`, `two_factor_secret`, `two_factor_recovery_codes`, `national_code`, `first_name`, `last_name`, `slug`, `profile_photo_path`, `email_verified_at`, `mobile_verified_at`, `activation`, `activation_date`, `user_type`, `status`, `current_team_id`, `remember_token`, `created_at`, `updated_at`, `deleted_at`) VALUES
(1, 'ali@gmail.com', '9129230286', '98355154', NULL, NULL, '0110056371', 'علی', 'نوروزی', NULL, NULL, NULL, NULL, 1, NULL, 0, 0, NULL, NULL, '2024-11-17 13:47:53', '2024-12-14 20:12:09', NULL);

--
-- Indexes for dumped tables
--

--
-- Indexes for table `addresses`
--
ALTER TABLE `addresses`
  ADD PRIMARY KEY (`id`),
  ADD KEY `addresses_user_id_foreign` (`user_id`),
  ADD KEY `addresses_city_id_foreign` (`city_id`),
  ADD KEY `addresses_province_id_foreign` (`province_id`);

--
-- Indexes for table `amazing_sales`
--
ALTER TABLE `amazing_sales`
  ADD PRIMARY KEY (`id`),
  ADD KEY `amazing_sales_product_id_foreign` (`product_id`);

--
-- Indexes for table `banners`
--
ALTER TABLE `banners`
  ADD PRIMARY KEY (`id`);

--
-- Indexes for table `brands`
--
ALTER TABLE `brands`
  ADD PRIMARY KEY (`id`),
  ADD UNIQUE KEY `brands_slug_unique` (`slug`);

--
-- Indexes for table `cart_items`
--
ALTER TABLE `cart_items`
  ADD PRIMARY KEY (`id`),
  ADD KEY `cart_items_user_id_foreign` (`user_id`),
  ADD KEY `cart_items_product_id_foreign` (`product_id`),
  ADD KEY `cart_items_color_id_foreign` (`color_id`),
  ADD KEY `cart_items_guarantee_id_foreign` (`guarantee_id`);

--
-- Indexes for table `cart_item_selected_attributes`
--
ALTER TABLE `cart_item_selected_attributes`
  ADD PRIMARY KEY (`id`),
  ADD KEY `cart_item_selected_attributes_cart_item_id_foreign` (`cart_item_id`),
  ADD KEY `cart_item_selected_attributes_category_attribute_id_foreign` (`category_attribute_id`),
  ADD KEY `cart_item_selected_attributes_category_value_id_foreign` (`category_value_id`);

--
-- Indexes for table `cash_payments`
--
ALTER TABLE `cash_payments`
  ADD PRIMARY KEY (`id`),
  ADD KEY `cash_payments_user_id_foreign` (`user_id`);

--
-- Indexes for table `category_attributes`
--
ALTER TABLE `category_attributes`
  ADD PRIMARY KEY (`id`),
  ADD KEY `category_attributes_category_id_foreign` (`category_id`);

--
-- Indexes for table `category_attribute_default_values`
--
ALTER TABLE `category_attribute_default_values`
  ADD PRIMARY KEY (`id`),
  ADD KEY `category_attribute_default_values_category_attribute_id_foreign` (`category_attribute_id`);

--
-- Indexes for table `category_values`
--
ALTER TABLE `category_values`
  ADD PRIMARY KEY (`id`),
  ADD KEY `category_values_product_id_foreign` (`product_id`),
  ADD KEY `category_values_category_attribute_id_foreign` (`category_attribute_id`);

--
-- Indexes for table `cities`
--
ALTER TABLE `cities`
  ADD PRIMARY KEY (`id`),
  ADD KEY `cities_province_id_foreign` (`province_id`);

--
-- Indexes for table `comments`
--
ALTER TABLE `comments`
  ADD PRIMARY KEY (`id`),
  ADD KEY `comments_parent_id_foreign` (`parent_id`),
  ADD KEY `comments_author_id_foreign` (`author_id`);

--
-- Indexes for table `common_discount`
--
ALTER TABLE `common_discount`
  ADD PRIMARY KEY (`id`);

--
-- Indexes for table `copans`
--
ALTER TABLE `copans`
  ADD PRIMARY KEY (`id`),
  ADD KEY `copans_user_id_foreign` (`user_id`);

--
-- Indexes for table `delivery`
--
ALTER TABLE `delivery`
  ADD PRIMARY KEY (`id`);

--
-- Indexes for table `failed_jobs`
--
ALTER TABLE `failed_jobs`
  ADD PRIMARY KEY (`id`),
  ADD UNIQUE KEY `failed_jobs_uuid_unique` (`uuid`);

--
-- Indexes for table `faqs`
--
ALTER TABLE `faqs`
  ADD PRIMARY KEY (`id`),
  ADD UNIQUE KEY `faqs_slug_unique` (`slug`);

--
-- Indexes for table `guarantees`
--
ALTER TABLE `guarantees`
  ADD PRIMARY KEY (`id`),
  ADD KEY `guarantees_product_id_foreign` (`product_id`);

--
-- Indexes for table `menus`
--
ALTER TABLE `menus`
  ADD PRIMARY KEY (`id`),
  ADD KEY `menus_parent_id_foreign` (`parent_id`);

--
-- Indexes for table `migrations`
--
ALTER TABLE `migrations`
  ADD PRIMARY KEY (`id`);

--
-- Indexes for table `notifications`
--
ALTER TABLE `notifications`
  ADD PRIMARY KEY (`id`),
  ADD KEY `notifications_notifiable_type_notifiable_id_index` (`notifiable_type`,`notifiable_id`);

--
-- Indexes for table `offline_payments`
--
ALTER TABLE `offline_payments`
  ADD PRIMARY KEY (`id`),
  ADD KEY `offline_payments_user_id_foreign` (`user_id`);

--
-- Indexes for table `online_payments`
--
ALTER TABLE `online_payments`
  ADD PRIMARY KEY (`id`),
  ADD KEY `online_payments_user_id_foreign` (`user_id`);

--
-- Indexes for table `orders`
--
ALTER TABLE `orders`
  ADD PRIMARY KEY (`id`),
  ADD KEY `orders_user_id_foreign` (`user_id`),
  ADD KEY `orders_address_id_foreign` (`address_id`),
  ADD KEY `orders_payment_id_foreign` (`payment_id`),
  ADD KEY `orders_delivery_id_foreign` (`delivery_id`),
  ADD KEY `orders_copan_id_foreign` (`copan_id`),
  ADD KEY `orders_common_discount_id_foreign` (`common_discount_id`);

--
-- Indexes for table `order_items`
--
ALTER TABLE `order_items`
  ADD PRIMARY KEY (`id`),
  ADD KEY `order_items_order_id_foreign` (`order_id`),
  ADD KEY `order_items_product_id_foreign` (`product_id`),
  ADD KEY `order_items_amazing_sale_id_foreign` (`amazing_sale_id`),
  ADD KEY `order_items_color_id_foreign` (`color_id`),
  ADD KEY `order_items_guarantee_id_foreign` (`guarantee_id`);

--
-- Indexes for table `order_item_selected_attributes`
--
ALTER TABLE `order_item_selected_attributes`
  ADD PRIMARY KEY (`id`),
  ADD KEY `order_item_selected_attributes_order_item_id_foreign` (`order_item_id`),
  ADD KEY `order_item_selected_attributes_category_attribute_id_foreign` (`category_attribute_id`),
  ADD KEY `order_item_selected_attributes_category_value_id_foreign` (`category_value_id`);

--
-- Indexes for table `otps`
--
ALTER TABLE `otps`
  ADD PRIMARY KEY (`id`),
  ADD KEY `otps_user_id_foreign` (`user_id`);

--
-- Indexes for table `pages`
--
ALTER TABLE `pages`
  ADD PRIMARY KEY (`id`),
  ADD UNIQUE KEY `pages_slug_unique` (`slug`);

--
-- Indexes for table `password_resets`
--
ALTER TABLE `password_resets`
  ADD KEY `password_resets_email_index` (`email`);

--
-- Indexes for table `payments`
--
ALTER TABLE `payments`
  ADD PRIMARY KEY (`id`),
  ADD KEY `payments_user_id_foreign` (`user_id`);

--
-- Indexes for table `permissions`
--
ALTER TABLE `permissions`
  ADD PRIMARY KEY (`id`);

--
-- Indexes for table `permission_role`
--
ALTER TABLE `permission_role`
  ADD PRIMARY KEY (`role_id`,`permission_id`),
  ADD KEY `permission_role_permission_id_foreign` (`permission_id`);

--
-- Indexes for table `personal_access_tokens`
--
ALTER TABLE `personal_access_tokens`
  ADD PRIMARY KEY (`id`),
  ADD UNIQUE KEY `personal_access_tokens_token_unique` (`token`),
  ADD KEY `personal_access_tokens_tokenable_type_tokenable_id_index` (`tokenable_type`,`tokenable_id`);

--
-- Indexes for table `posts`
--
ALTER TABLE `posts`
  ADD PRIMARY KEY (`id`),
  ADD UNIQUE KEY `posts_slug_unique` (`slug`),
  ADD KEY `posts_author_id_foreign` (`author_id`),
  ADD KEY `posts_category_id_foreign` (`category_id`);

--
-- Indexes for table `post_categories`
--
ALTER TABLE `post_categories`
  ADD PRIMARY KEY (`id`),
  ADD UNIQUE KEY `post_categories_slug_unique` (`slug`);

--
-- Indexes for table `products`
--
ALTER TABLE `products`
  ADD PRIMARY KEY (`id`),
  ADD UNIQUE KEY `products_slug_unique` (`slug`),
  ADD KEY `products_brand_id_foreign` (`brand_id`),
  ADD KEY `products_category_id_foreign` (`category_id`);

--
-- Indexes for table `product_categories`
--
ALTER TABLE `product_categories`
  ADD PRIMARY KEY (`id`),
  ADD UNIQUE KEY `product_categories_slug_unique` (`slug`),
  ADD KEY `product_categories_parent_id_foreign` (`parent_id`);

--
-- Indexes for table `product_colors`
--
ALTER TABLE `product_colors`
  ADD PRIMARY KEY (`id`),
  ADD KEY `product_colors_product_id_foreign` (`product_id`);

--
-- Indexes for table `product_images`
--
ALTER TABLE `product_images`
  ADD PRIMARY KEY (`id`),
  ADD KEY `product_images_product_id_foreign` (`product_id`);

--
-- Indexes for table `product_meta`
--
ALTER TABLE `product_meta`
  ADD PRIMARY KEY (`id`),
  ADD KEY `product_meta_product_id_foreign` (`product_id`);

--
-- Indexes for table `product_user`
--
ALTER TABLE `product_user`
  ADD PRIMARY KEY (`product_id`,`user_id`),
  ADD KEY `product_user_user_id_foreign` (`user_id`);

--
-- Indexes for table `provinces`
--
ALTER TABLE `provinces`
  ADD PRIMARY KEY (`id`);

--
-- Indexes for table `public_mail`
--
ALTER TABLE `public_mail`
  ADD PRIMARY KEY (`id`);

--
-- Indexes for table `public_mail_files`
--
ALTER TABLE `public_mail_files`
  ADD PRIMARY KEY (`id`),
  ADD KEY `public_mail_files_public_mail_id_foreign` (`public_mail_id`);

--
-- Indexes for table `public_sms`
--
ALTER TABLE `public_sms`
  ADD PRIMARY KEY (`id`);

--
-- Indexes for table `roles`
--
ALTER TABLE `roles`
  ADD PRIMARY KEY (`id`);

--
-- Indexes for table `role_user`
--
ALTER TABLE `role_user`
  ADD PRIMARY KEY (`user_id`,`role_id`),
  ADD KEY `role_user_role_id_foreign` (`role_id`);

--
-- Indexes for table `sessions`
--
ALTER TABLE `sessions`
  ADD PRIMARY KEY (`id`),
  ADD KEY `sessions_user_id_index` (`user_id`),
  ADD KEY `sessions_last_activity_index` (`last_activity`);

--
-- Indexes for table `settings`
--
ALTER TABLE `settings`
  ADD PRIMARY KEY (`id`);

--
-- Indexes for table `tickets`
--
ALTER TABLE `tickets`
  ADD PRIMARY KEY (`id`),
  ADD KEY `tickets_reference_id_foreign` (`reference_id`),
  ADD KEY `tickets_user_id_foreign` (`user_id`),
  ADD KEY `tickets_category_id_foreign` (`category_id`),
  ADD KEY `tickets_priority_id_foreign` (`priority_id`),
  ADD KEY `tickets_ticket_id_foreign` (`ticket_id`);

--
-- Indexes for table `ticket_admins`
--
ALTER TABLE `ticket_admins`
  ADD PRIMARY KEY (`id`),
  ADD KEY `ticket_admins_user_id_foreign` (`user_id`);

--
-- Indexes for table `ticket_categories`
--
ALTER TABLE `ticket_categories`
  ADD PRIMARY KEY (`id`);

--
-- Indexes for table `ticket_files`
--
ALTER TABLE `ticket_files`
  ADD PRIMARY KEY (`id`),
  ADD KEY `ticket_files_ticket_id_foreign` (`ticket_id`),
  ADD KEY `ticket_files_user_id_foreign` (`user_id`);

--
-- Indexes for table `ticket_priorities`
--
ALTER TABLE `ticket_priorities`
  ADD PRIMARY KEY (`id`);

--
-- Indexes for table `users`
--
ALTER TABLE `users`
  ADD PRIMARY KEY (`id`),
  ADD UNIQUE KEY `users_email_unique` (`email`),
  ADD UNIQUE KEY `users_mobile_unique` (`mobile`),
  ADD UNIQUE KEY `users_national_code_unique` (`national_code`),
  ADD UNIQUE KEY `users_slug_unique` (`slug`);

--
-- AUTO_INCREMENT for dumped tables
--

--
-- AUTO_INCREMENT for table `addresses`
--
ALTER TABLE `addresses`
  MODIFY `id` bigint(20) UNSIGNED NOT NULL AUTO_INCREMENT;

--
-- AUTO_INCREMENT for table `amazing_sales`
--
ALTER TABLE `amazing_sales`
  MODIFY `id` bigint(20) UNSIGNED NOT NULL AUTO_INCREMENT, AUTO_INCREMENT=3;

--
-- AUTO_INCREMENT for table `banners`
--
ALTER TABLE `banners`
  MODIFY `id` bigint(20) UNSIGNED NOT NULL AUTO_INCREMENT;

--
-- AUTO_INCREMENT for table `brands`
--
ALTER TABLE `brands`
  MODIFY `id` bigint(20) UNSIGNED NOT NULL AUTO_INCREMENT, AUTO_INCREMENT=3;

--
-- AUTO_INCREMENT for table `cart_items`
--
ALTER TABLE `cart_items`
  MODIFY `id` bigint(20) UNSIGNED NOT NULL AUTO_INCREMENT, AUTO_INCREMENT=42;

--
-- AUTO_INCREMENT for table `cart_item_selected_attributes`
--
ALTER TABLE `cart_item_selected_attributes`
  MODIFY `id` bigint(20) UNSIGNED NOT NULL AUTO_INCREMENT;

--
-- AUTO_INCREMENT for table `cash_payments`
--
ALTER TABLE `cash_payments`
  MODIFY `id` bigint(20) UNSIGNED NOT NULL AUTO_INCREMENT;

--
-- AUTO_INCREMENT for table `category_attributes`
--
ALTER TABLE `category_attributes`
  MODIFY `id` bigint(20) UNSIGNED NOT NULL AUTO_INCREMENT;

--
-- AUTO_INCREMENT for table `category_attribute_default_values`
--
ALTER TABLE `category_attribute_default_values`
  MODIFY `id` bigint(20) UNSIGNED NOT NULL AUTO_INCREMENT;

--
-- AUTO_INCREMENT for table `category_values`
--
ALTER TABLE `category_values`
  MODIFY `id` bigint(20) UNSIGNED NOT NULL AUTO_INCREMENT;

--
-- AUTO_INCREMENT for table `cities`
--
ALTER TABLE `cities`
  MODIFY `id` bigint(20) UNSIGNED NOT NULL AUTO_INCREMENT;

--
-- AUTO_INCREMENT for table `comments`
--
ALTER TABLE `comments`
  MODIFY `id` bigint(20) UNSIGNED NOT NULL AUTO_INCREMENT;

--
-- AUTO_INCREMENT for table `common_discount`
--
ALTER TABLE `common_discount`
  MODIFY `id` bigint(20) UNSIGNED NOT NULL AUTO_INCREMENT;

--
-- AUTO_INCREMENT for table `copans`
--
ALTER TABLE `copans`
  MODIFY `id` bigint(20) UNSIGNED NOT NULL AUTO_INCREMENT;

--
-- AUTO_INCREMENT for table `delivery`
--
ALTER TABLE `delivery`
  MODIFY `id` bigint(20) UNSIGNED NOT NULL AUTO_INCREMENT, AUTO_INCREMENT=3;

--
-- AUTO_INCREMENT for table `failed_jobs`
--
ALTER TABLE `failed_jobs`
  MODIFY `id` bigint(20) UNSIGNED NOT NULL AUTO_INCREMENT;

--
-- AUTO_INCREMENT for table `faqs`
--
ALTER TABLE `faqs`
  MODIFY `id` bigint(20) UNSIGNED NOT NULL AUTO_INCREMENT;

--
-- AUTO_INCREMENT for table `guarantees`
--
ALTER TABLE `guarantees`
  MODIFY `id` bigint(20) UNSIGNED NOT NULL AUTO_INCREMENT, AUTO_INCREMENT=5;

--
-- AUTO_INCREMENT for table `menus`
--
ALTER TABLE `menus`
  MODIFY `id` bigint(20) UNSIGNED NOT NULL AUTO_INCREMENT;

--
-- AUTO_INCREMENT for table `migrations`
--
ALTER TABLE `migrations`
  MODIFY `id` int(10) UNSIGNED NOT NULL AUTO_INCREMENT, AUTO_INCREMENT=59;

--
-- AUTO_INCREMENT for table `offline_payments`
--
ALTER TABLE `offline_payments`
  MODIFY `id` bigint(20) UNSIGNED NOT NULL AUTO_INCREMENT;

--
-- AUTO_INCREMENT for table `online_payments`
--
ALTER TABLE `online_payments`
  MODIFY `id` bigint(20) UNSIGNED NOT NULL AUTO_INCREMENT;

--
-- AUTO_INCREMENT for table `orders`
--
ALTER TABLE `orders`
  MODIFY `id` bigint(20) UNSIGNED NOT NULL AUTO_INCREMENT, AUTO_INCREMENT=4;

--
-- AUTO_INCREMENT for table `order_items`
--
ALTER TABLE `order_items`
  MODIFY `id` bigint(20) UNSIGNED NOT NULL AUTO_INCREMENT;

--
-- AUTO_INCREMENT for table `order_item_selected_attributes`
--
ALTER TABLE `order_item_selected_attributes`
  MODIFY `id` bigint(20) UNSIGNED NOT NULL AUTO_INCREMENT;

--
-- AUTO_INCREMENT for table `otps`
--
ALTER TABLE `otps`
  MODIFY `id` bigint(20) UNSIGNED NOT NULL AUTO_INCREMENT, AUTO_INCREMENT=3;

--
-- AUTO_INCREMENT for table `pages`
--
ALTER TABLE `pages`
  MODIFY `id` bigint(20) UNSIGNED NOT NULL AUTO_INCREMENT;

--
-- AUTO_INCREMENT for table `payments`
--
ALTER TABLE `payments`
  MODIFY `id` bigint(20) UNSIGNED NOT NULL AUTO_INCREMENT;

--
-- AUTO_INCREMENT for table `permissions`
--
ALTER TABLE `permissions`
  MODIFY `id` bigint(20) UNSIGNED NOT NULL AUTO_INCREMENT;

--
-- AUTO_INCREMENT for table `personal_access_tokens`
--
ALTER TABLE `personal_access_tokens`
  MODIFY `id` bigint(20) UNSIGNED NOT NULL AUTO_INCREMENT;

--
-- AUTO_INCREMENT for table `posts`
--
ALTER TABLE `posts`
  MODIFY `id` bigint(20) UNSIGNED NOT NULL AUTO_INCREMENT;

--
-- AUTO_INCREMENT for table `post_categories`
--
ALTER TABLE `post_categories`
  MODIFY `id` bigint(20) UNSIGNED NOT NULL AUTO_INCREMENT;

--
-- AUTO_INCREMENT for table `products`
--
ALTER TABLE `products`
  MODIFY `id` bigint(20) UNSIGNED NOT NULL AUTO_INCREMENT, AUTO_INCREMENT=4;

--
-- AUTO_INCREMENT for table `product_categories`
--
ALTER TABLE `product_categories`
  MODIFY `id` bigint(20) UNSIGNED NOT NULL AUTO_INCREMENT, AUTO_INCREMENT=3;

--
-- AUTO_INCREMENT for table `product_colors`
--
ALTER TABLE `product_colors`
  MODIFY `id` bigint(20) UNSIGNED NOT NULL AUTO_INCREMENT;

--
-- AUTO_INCREMENT for table `product_images`
--
ALTER TABLE `product_images`
  MODIFY `id` bigint(20) UNSIGNED NOT NULL AUTO_INCREMENT;

--
-- AUTO_INCREMENT for table `product_meta`
--
ALTER TABLE `product_meta`
  MODIFY `id` bigint(20) UNSIGNED NOT NULL AUTO_INCREMENT, AUTO_INCREMENT=3;

--
-- AUTO_INCREMENT for table `provinces`
--
ALTER TABLE `provinces`
  MODIFY `id` bigint(20) UNSIGNED NOT NULL AUTO_INCREMENT;

--
-- AUTO_INCREMENT for table `public_mail`
--
ALTER TABLE `public_mail`
  MODIFY `id` bigint(20) UNSIGNED NOT NULL AUTO_INCREMENT;

--
-- AUTO_INCREMENT for table `public_mail_files`
--
ALTER TABLE `public_mail_files`
  MODIFY `id` bigint(20) UNSIGNED NOT NULL AUTO_INCREMENT;

--
-- AUTO_INCREMENT for table `public_sms`
--
ALTER TABLE `public_sms`
  MODIFY `id` bigint(20) UNSIGNED NOT NULL AUTO_INCREMENT;

--
-- AUTO_INCREMENT for table `roles`
--
ALTER TABLE `roles`
  MODIFY `id` bigint(20) UNSIGNED NOT NULL AUTO_INCREMENT;

--
-- AUTO_INCREMENT for table `settings`
--
ALTER TABLE `settings`
  MODIFY `id` bigint(20) UNSIGNED NOT NULL AUTO_INCREMENT;

--
-- AUTO_INCREMENT for table `tickets`
--
ALTER TABLE `tickets`
  MODIFY `id` bigint(20) UNSIGNED NOT NULL AUTO_INCREMENT;

--
-- AUTO_INCREMENT for table `ticket_admins`
--
ALTER TABLE `ticket_admins`
  MODIFY `id` bigint(20) UNSIGNED NOT NULL AUTO_INCREMENT;

--
-- AUTO_INCREMENT for table `ticket_categories`
--
ALTER TABLE `ticket_categories`
  MODIFY `id` bigint(20) UNSIGNED NOT NULL AUTO_INCREMENT;

--
-- AUTO_INCREMENT for table `ticket_files`
--
ALTER TABLE `ticket_files`
  MODIFY `id` bigint(20) UNSIGNED NOT NULL AUTO_INCREMENT;

--
-- AUTO_INCREMENT for table `ticket_priorities`
--
ALTER TABLE `ticket_priorities`
  MODIFY `id` bigint(20) UNSIGNED NOT NULL AUTO_INCREMENT;

--
-- AUTO_INCREMENT for table `users`
--
ALTER TABLE `users`
  MODIFY `id` bigint(20) UNSIGNED NOT NULL AUTO_INCREMENT, AUTO_INCREMENT=2;

--
-- Constraints for dumped tables
--

--
-- Constraints for table `addresses`
--
ALTER TABLE `addresses`
  ADD CONSTRAINT `addresses_city_id_foreign` FOREIGN KEY (`city_id`) REFERENCES `cities` (`id`) ON DELETE CASCADE ON UPDATE CASCADE,
  ADD CONSTRAINT `addresses_province_id_foreign` FOREIGN KEY (`province_id`) REFERENCES `provinces` (`id`) ON DELETE CASCADE ON UPDATE CASCADE,
  ADD CONSTRAINT `addresses_user_id_foreign` FOREIGN KEY (`user_id`) REFERENCES `users` (`id`) ON DELETE CASCADE ON UPDATE CASCADE;

--
-- Constraints for table `amazing_sales`
--
ALTER TABLE `amazing_sales`
  ADD CONSTRAINT `amazing_sales_product_id_foreign` FOREIGN KEY (`product_id`) REFERENCES `products` (`id`) ON DELETE CASCADE ON UPDATE CASCADE;

--
-- Constraints for table `cart_items`
--
ALTER TABLE `cart_items`
  ADD CONSTRAINT `cart_items_color_id_foreign` FOREIGN KEY (`color_id`) REFERENCES `product_colors` (`id`) ON DELETE CASCADE ON UPDATE CASCADE,
  ADD CONSTRAINT `cart_items_guarantee_id_foreign` FOREIGN KEY (`guarantee_id`) REFERENCES `guarantees` (`id`) ON DELETE CASCADE ON UPDATE CASCADE,
  ADD CONSTRAINT `cart_items_product_id_foreign` FOREIGN KEY (`product_id`) REFERENCES `products` (`id`) ON DELETE CASCADE ON UPDATE CASCADE,
  ADD CONSTRAINT `cart_items_user_id_foreign` FOREIGN KEY (`user_id`) REFERENCES `users` (`id`) ON DELETE CASCADE ON UPDATE CASCADE;

--
-- Constraints for table `cart_item_selected_attributes`
--
ALTER TABLE `cart_item_selected_attributes`
  ADD CONSTRAINT `cart_item_selected_attributes_cart_item_id_foreign` FOREIGN KEY (`cart_item_id`) REFERENCES `cart_items` (`id`) ON DELETE CASCADE ON UPDATE CASCADE,
  ADD CONSTRAINT `cart_item_selected_attributes_category_attribute_id_foreign` FOREIGN KEY (`category_attribute_id`) REFERENCES `category_attributes` (`id`) ON DELETE CASCADE ON UPDATE CASCADE,
  ADD CONSTRAINT `cart_item_selected_attributes_category_value_id_foreign` FOREIGN KEY (`category_value_id`) REFERENCES `category_values` (`id`) ON DELETE CASCADE ON UPDATE CASCADE;

--
-- Constraints for table `cash_payments`
--
ALTER TABLE `cash_payments`
  ADD CONSTRAINT `cash_payments_user_id_foreign` FOREIGN KEY (`user_id`) REFERENCES `users` (`id`) ON DELETE CASCADE ON UPDATE CASCADE;

--
-- Constraints for table `category_attributes`
--
ALTER TABLE `category_attributes`
  ADD CONSTRAINT `category_attributes_category_id_foreign` FOREIGN KEY (`category_id`) REFERENCES `product_categories` (`id`) ON DELETE CASCADE ON UPDATE CASCADE;

--
-- Constraints for table `category_attribute_default_values`
--
ALTER TABLE `category_attribute_default_values`
  ADD CONSTRAINT `category_attribute_default_values_category_attribute_id_foreign` FOREIGN KEY (`category_attribute_id`) REFERENCES `category_attributes` (`id`) ON DELETE CASCADE ON UPDATE CASCADE;

--
-- Constraints for table `category_values`
--
ALTER TABLE `category_values`
  ADD CONSTRAINT `category_values_category_attribute_id_foreign` FOREIGN KEY (`category_attribute_id`) REFERENCES `category_attributes` (`id`) ON DELETE CASCADE ON UPDATE CASCADE,
  ADD CONSTRAINT `category_values_product_id_foreign` FOREIGN KEY (`product_id`) REFERENCES `products` (`id`) ON DELETE CASCADE ON UPDATE CASCADE;

--
-- Constraints for table `cities`
--
ALTER TABLE `cities`
  ADD CONSTRAINT `cities_province_id_foreign` FOREIGN KEY (`province_id`) REFERENCES `provinces` (`id`) ON DELETE CASCADE ON UPDATE CASCADE;

--
-- Constraints for table `comments`
--
ALTER TABLE `comments`
  ADD CONSTRAINT `comments_author_id_foreign` FOREIGN KEY (`author_id`) REFERENCES `users` (`id`),
  ADD CONSTRAINT `comments_parent_id_foreign` FOREIGN KEY (`parent_id`) REFERENCES `comments` (`id`);

--
-- Constraints for table `copans`
--
ALTER TABLE `copans`
  ADD CONSTRAINT `copans_user_id_foreign` FOREIGN KEY (`user_id`) REFERENCES `users` (`id`) ON DELETE CASCADE ON UPDATE CASCADE;

--
-- Constraints for table `guarantees`
--
ALTER TABLE `guarantees`
  ADD CONSTRAINT `guarantees_product_id_foreign` FOREIGN KEY (`product_id`) REFERENCES `products` (`id`) ON DELETE CASCADE ON UPDATE CASCADE;

--
-- Constraints for table `menus`
--
ALTER TABLE `menus`
  ADD CONSTRAINT `menus_parent_id_foreign` FOREIGN KEY (`parent_id`) REFERENCES `menus` (`id`);

--
-- Constraints for table `offline_payments`
--
ALTER TABLE `offline_payments`
  ADD CONSTRAINT `offline_payments_user_id_foreign` FOREIGN KEY (`user_id`) REFERENCES `users` (`id`) ON DELETE CASCADE ON UPDATE CASCADE;

--
-- Constraints for table `online_payments`
--
ALTER TABLE `online_payments`
  ADD CONSTRAINT `online_payments_user_id_foreign` FOREIGN KEY (`user_id`) REFERENCES `users` (`id`) ON DELETE CASCADE ON UPDATE CASCADE;

--
-- Constraints for table `orders`
--
ALTER TABLE `orders`
  ADD CONSTRAINT `orders_address_id_foreign` FOREIGN KEY (`address_id`) REFERENCES `addresses` (`id`) ON DELETE CASCADE ON UPDATE CASCADE,
  ADD CONSTRAINT `orders_common_discount_id_foreign` FOREIGN KEY (`common_discount_id`) REFERENCES `common_discount` (`id`) ON DELETE CASCADE ON UPDATE CASCADE,
  ADD CONSTRAINT `orders_copan_id_foreign` FOREIGN KEY (`copan_id`) REFERENCES `copans` (`id`) ON DELETE CASCADE ON UPDATE CASCADE,
  ADD CONSTRAINT `orders_delivery_id_foreign` FOREIGN KEY (`delivery_id`) REFERENCES `delivery` (`id`) ON DELETE CASCADE ON UPDATE CASCADE,
  ADD CONSTRAINT `orders_payment_id_foreign` FOREIGN KEY (`payment_id`) REFERENCES `payments` (`id`) ON DELETE CASCADE ON UPDATE CASCADE,
  ADD CONSTRAINT `orders_user_id_foreign` FOREIGN KEY (`user_id`) REFERENCES `users` (`id`) ON DELETE CASCADE ON UPDATE CASCADE;

--
-- Constraints for table `order_items`
--
ALTER TABLE `order_items`
  ADD CONSTRAINT `order_items_amazing_sale_id_foreign` FOREIGN KEY (`amazing_sale_id`) REFERENCES `amazing_sales` (`id`) ON DELETE CASCADE ON UPDATE CASCADE,
  ADD CONSTRAINT `order_items_color_id_foreign` FOREIGN KEY (`color_id`) REFERENCES `product_colors` (`id`) ON DELETE CASCADE ON UPDATE CASCADE,
  ADD CONSTRAINT `order_items_guarantee_id_foreign` FOREIGN KEY (`guarantee_id`) REFERENCES `guarantees` (`id`) ON DELETE CASCADE ON UPDATE CASCADE,
  ADD CONSTRAINT `order_items_order_id_foreign` FOREIGN KEY (`order_id`) REFERENCES `orders` (`id`) ON DELETE CASCADE ON UPDATE CASCADE,
  ADD CONSTRAINT `order_items_product_id_foreign` FOREIGN KEY (`product_id`) REFERENCES `products` (`id`) ON DELETE CASCADE ON UPDATE CASCADE;

--
-- Constraints for table `order_item_selected_attributes`
--
ALTER TABLE `order_item_selected_attributes`
  ADD CONSTRAINT `order_item_selected_attributes_category_attribute_id_foreign` FOREIGN KEY (`category_attribute_id`) REFERENCES `category_attributes` (`id`) ON DELETE CASCADE ON UPDATE CASCADE,
  ADD CONSTRAINT `order_item_selected_attributes_category_value_id_foreign` FOREIGN KEY (`category_value_id`) REFERENCES `category_values` (`id`) ON DELETE CASCADE ON UPDATE CASCADE,
  ADD CONSTRAINT `order_item_selected_attributes_order_item_id_foreign` FOREIGN KEY (`order_item_id`) REFERENCES `order_items` (`id`) ON DELETE CASCADE ON UPDATE CASCADE;

--
-- Constraints for table `otps`
--
ALTER TABLE `otps`
  ADD CONSTRAINT `otps_user_id_foreign` FOREIGN KEY (`user_id`) REFERENCES `users` (`id`);

--
-- Constraints for table `payments`
--
ALTER TABLE `payments`
  ADD CONSTRAINT `payments_user_id_foreign` FOREIGN KEY (`user_id`) REFERENCES `users` (`id`) ON DELETE CASCADE ON UPDATE CASCADE;

--
-- Constraints for table `permission_role`
--
ALTER TABLE `permission_role`
  ADD CONSTRAINT `permission_role_permission_id_foreign` FOREIGN KEY (`permission_id`) REFERENCES `permissions` (`id`) ON DELETE CASCADE ON UPDATE CASCADE,
  ADD CONSTRAINT `permission_role_role_id_foreign` FOREIGN KEY (`role_id`) REFERENCES `roles` (`id`) ON DELETE CASCADE ON UPDATE CASCADE;

--
-- Constraints for table `posts`
--
ALTER TABLE `posts`
  ADD CONSTRAINT `posts_author_id_foreign` FOREIGN KEY (`author_id`) REFERENCES `users` (`id`),
  ADD CONSTRAINT `posts_category_id_foreign` FOREIGN KEY (`category_id`) REFERENCES `post_categories` (`id`);

--
-- Constraints for table `products`
--
ALTER TABLE `products`
  ADD CONSTRAINT `products_brand_id_foreign` FOREIGN KEY (`brand_id`) REFERENCES `brands` (`id`) ON DELETE CASCADE ON UPDATE CASCADE,
  ADD CONSTRAINT `products_category_id_foreign` FOREIGN KEY (`category_id`) REFERENCES `product_categories` (`id`) ON DELETE CASCADE ON UPDATE CASCADE;

--
-- Constraints for table `product_categories`
--
ALTER TABLE `product_categories`
  ADD CONSTRAINT `product_categories_parent_id_foreign` FOREIGN KEY (`parent_id`) REFERENCES `product_categories` (`id`) ON DELETE CASCADE ON UPDATE CASCADE;

--
-- Constraints for table `product_colors`
--
ALTER TABLE `product_colors`
  ADD CONSTRAINT `product_colors_product_id_foreign` FOREIGN KEY (`product_id`) REFERENCES `products` (`id`) ON DELETE CASCADE ON UPDATE CASCADE;

--
-- Constraints for table `product_images`
--
ALTER TABLE `product_images`
  ADD CONSTRAINT `product_images_product_id_foreign` FOREIGN KEY (`product_id`) REFERENCES `products` (`id`) ON DELETE CASCADE ON UPDATE CASCADE;

--
-- Constraints for table `product_meta`
--
ALTER TABLE `product_meta`
  ADD CONSTRAINT `product_meta_product_id_foreign` FOREIGN KEY (`product_id`) REFERENCES `products` (`id`) ON DELETE CASCADE ON UPDATE CASCADE;

--
-- Constraints for table `product_user`
--
ALTER TABLE `product_user`
  ADD CONSTRAINT `product_user_product_id_foreign` FOREIGN KEY (`product_id`) REFERENCES `products` (`id`) ON DELETE CASCADE ON UPDATE CASCADE,
  ADD CONSTRAINT `product_user_user_id_foreign` FOREIGN KEY (`user_id`) REFERENCES `users` (`id`) ON DELETE CASCADE ON UPDATE CASCADE;

--
-- Constraints for table `public_mail_files`
--
ALTER TABLE `public_mail_files`
  ADD CONSTRAINT `public_mail_files_public_mail_id_foreign` FOREIGN KEY (`public_mail_id`) REFERENCES `public_mail` (`id`) ON DELETE CASCADE ON UPDATE CASCADE;

--
-- Constraints for table `role_user`
--
ALTER TABLE `role_user`
  ADD CONSTRAINT `role_user_role_id_foreign` FOREIGN KEY (`role_id`) REFERENCES `roles` (`id`) ON DELETE CASCADE ON UPDATE CASCADE,
  ADD CONSTRAINT `role_user_user_id_foreign` FOREIGN KEY (`user_id`) REFERENCES `users` (`id`) ON DELETE CASCADE ON UPDATE CASCADE;

--
-- Constraints for table `tickets`
--
ALTER TABLE `tickets`
  ADD CONSTRAINT `tickets_category_id_foreign` FOREIGN KEY (`category_id`) REFERENCES `ticket_categories` (`id`) ON DELETE CASCADE ON UPDATE CASCADE,
  ADD CONSTRAINT `tickets_priority_id_foreign` FOREIGN KEY (`priority_id`) REFERENCES `ticket_priorities` (`id`) ON DELETE CASCADE ON UPDATE CASCADE,
  ADD CONSTRAINT `tickets_reference_id_foreign` FOREIGN KEY (`reference_id`) REFERENCES `ticket_admins` (`id`) ON DELETE CASCADE ON UPDATE CASCADE,
  ADD CONSTRAINT `tickets_ticket_id_foreign` FOREIGN KEY (`ticket_id`) REFERENCES `tickets` (`id`) ON DELETE CASCADE ON UPDATE CASCADE,
  ADD CONSTRAINT `tickets_user_id_foreign` FOREIGN KEY (`user_id`) REFERENCES `users` (`id`) ON DELETE CASCADE ON UPDATE CASCADE;

--
-- Constraints for table `ticket_admins`
--
ALTER TABLE `ticket_admins`
  ADD CONSTRAINT `ticket_admins_user_id_foreign` FOREIGN KEY (`user_id`) REFERENCES `users` (`id`) ON DELETE CASCADE ON UPDATE CASCADE;

--
-- Constraints for table `ticket_files`
--
ALTER TABLE `ticket_files`
  ADD CONSTRAINT `ticket_files_ticket_id_foreign` FOREIGN KEY (`ticket_id`) REFERENCES `tickets` (`id`) ON DELETE CASCADE ON UPDATE CASCADE,
  ADD CONSTRAINT `ticket_files_user_id_foreign` FOREIGN KEY (`user_id`) REFERENCES `users` (`id`) ON DELETE CASCADE ON UPDATE CASCADE;
COMMIT;

/*!40101 SET CHARACTER_SET_CLIENT=@OLD_CHARACTER_SET_CLIENT */;
/*!40101 SET CHARACTER_SET_RESULTS=@OLD_CHARACTER_SET_RESULTS */;
/*!40101 SET COLLATION_CONNECTION=@OLD_COLLATION_CONNECTION */;
